"ds","Forecast","Lower80","Upper80","Lower95","Upper95"
2023,251.3,229.159133970808,273.440866029192,217.438467487025,285.161532512975
2024,251.3,219.988086978831,282.611913021169,203.412561477414,299.187438522586
2025,251.3,212.950895113864,289.649104886136,192.650105265383,309.949894734617
2026,251.3,207.018267941617,295.581732058383,183.576934974051,319.023065025949
2027,251.3,201.791518478012,300.808481521988,175.58331147867,327.01668852133
2028,251.3,197.066175765159,305.533824234841,168.35652343455,334.24347656545
2029,251.3,192.720774675161,309.879225324839,161.710805959141,340.889194040859
2030,251.3,188.676173957663,313.923826042337,155.525122954828,347.074877045172
2031,251.3,184.877401912425,317.722598087575,149.715402461076,352.884597538924
2032,251.3,181.284433979106,321.315566020894,144.220432195155,358.379567804845
2033,251.3,177.867054847645,324.732945152355,138.994001828043,363.605998171957
2034,251.3,174.601790227729,327.998209772271,134.000210530765,368.599789469235
